<?xml version="1.0" encoding="UTF-8"?>
<project-private xmlns="http://www.netbeans.org/ns/project-private/1">
    <editor-bookmarks xmlns="http://www.netbeans.org/ns/editor-bookmarks/2" lastBookmarkId="0"/>
    <open-files xmlns="http://www.netbeans.org/ns/projectui-open-files/2">
        <group>
            <file>file:/D:/USUARIO/Desktop/INVERNADERO%202025/proyecto-invernadero/ControladorCentral/src/ControladorCentral/DatosINR.java</file>
            <file>file:/D:/USUARIO/Desktop/INVERNADERO%202025/proyecto-invernadero/ControladorCentral/src/ControladorCentral/CoordinadorBomba.java</file>
            <file>file:/D:/USUARIO/Desktop/INVERNADERO%202025/proyecto-invernadero/ControladorCentral/src/ControladorCentral/HiloReceptorFertirrigacion.java</file>
            <file>file:/D:/USUARIO/Desktop/INVERNADERO%202025/proyecto-invernadero/ControladorCentral/src/ControladorCentral/HiloReceptorElectrovalvula.java</file>
            <file>file:/D:/USUARIO/Desktop/INVERNADERO%202025/proyecto-invernadero/ControladorCentral/src/ControladorCentral/HiloManejoCliente.java</file>
        </group>
        <group name="Cosas nuevas por agregar">
            <file>file:/D:/USUARIO/Desktop/INVERNADERO%202025/proyecto-invernadero/ControladorCentral/src/ControladorCentral/CoordinadorBomba.java</file>
            <file>file:/D:/USUARIO/Desktop/INVERNADERO%202025/proyecto-invernadero/ControladorCentral/src/ControladorCentral/MonitorElectrovalvulaSimple.java</file>
            <file>file:/D:/USUARIO/Desktop/INVERNADERO%202025/proyecto-invernadero/ControladorCentral/src/ControladorCentral/Main.java</file>
            <file>file:/D:/USUARIO/Desktop/INVERNADERO%202025/proyecto-invernadero/ControladorCentral/src/ControladorCentral/HiloReceptorElectrovalvula.java</file>
            <file>file:/D:/USUARIO/Desktop/INVERNADERO%202025/proyecto-invernadero/ControladorCentral/src/ControladorCentral/HiloManejoCliente.java</file>
            <file>file:/D:/USUARIO/Desktop/INVERNADERO%202025/proyecto-invernadero/ControladorCentral/src/ControladorCentral/RMIClienteBomba.java</file>
        </group>
    </open-files>
</project-private>
