<?xml version="1.0" encoding="UTF-8"?>
<project-private xmlns="http://www.netbeans.org/ns/project-private/1">
    <editor-bookmarks xmlns="http://www.netbeans.org/ns/editor-bookmarks/2" lastBookmarkId="0"/>
    <open-files xmlns="http://www.netbeans.org/ns/projectui-open-files/2">
        <group>
            <file>file:/D:/USUARIO/Desktop/INVERNADERO%202025/proyecto-invernadero/SistemaFertirrigacion/src/sistemafertirrigacion/SistemaFertirrigacion.java</file>
            <file>file:/D:/USUARIO/Desktop/INVERNADERO%202025/proyecto-invernadero/SistemaFertirrigacion/src/sistemafertirrigacion/HiloFertirrigacion.java</file>
        </group>
        <group name="Cosas nuevas por agregar"/>
    </open-files>
</project-private>
